account_type,tweets_par_jour,age_moyen_compte
,,
human,6.712743123300842,3173.5384215576523
bot,7.252240643863165,2717.2749295774647
